"","rade9lmu","set_lightscore_sy","pop_density","bld_count","bld_urban","Tower_per_sqkm"
"rade9lmu",1,0.734014081505191,0.812614539870718,0.746679962739462,0.806840770349135,0.625149050964839
"set_lightscore_sy",0.734014081505191,1,0.58269384602336,0.595735824158368,0.878826769423815,0.261460026781331
"pop_density",0.812614539870718,0.58269384602336,1,0.954741828220243,0.725343466585173,0.3999573217089
"bld_count",0.746679962739462,0.595735824158368,0.954741828220243,1,0.736016318285007,0.276724085550026
"bld_urban",0.806840770349135,0.878826769423815,0.725343466585173,0.736016318285007,1,0.329726144958294
"Tower_per_sqkm",0.625149050964839,0.261460026781331,0.3999573217089,0.276724085550026,0.329726144958294,1
